Benoit Mandelbrot,Knowledge
Knowledge,Awareness
Awareness,Conscious
Conscious,Quality_(philosophy)
Quality_(philosophy),Philosophy
Boomerang Nebula,Astronomical_object
Astronomical_object,Entity
Entity,Existence
Existence,Ontology
Ontology,Philosophy
Existence,Ontology
Ontology,Philosophy
Modern_art,Philosophy
Karl_Marx,Philosopher
Philosopher,Reason
Reason,Consciousness
Consciousness,Quality_(philosophy)
Quality_(philosophy),Philosophy
Critical_thinking,Rationality
Rationality,Reason
Reason,Consciousness
Consciousness,Quality_(philosophy)
Quality_(philosophy),Philosophy
Emotion,Consciousness
Consciousness,Quality_(philosophy)
Quality_(philosophy),Philosophy
Reductionism,Object_(philosophy)
Object_(philosophy),Philosophy
Consciousness,Quality_(philosophy)
Quality_(philosophy),Philosophy
Ethic,Philosophy
Science,Knowledge
Knowledge,Awareness
Awareness,Conscious
Conscious,Quality_(philosophy)
Quality_(philosophy),Philosophy
Anger,Emotion
Emotion,Consciousness
Consciousness,Quality_(philosophy)
Quality_(philosophy),Philosophy
Minor_planet,Astronomical_object
Astronomical_object,Entity
Entity,Existence
Existence,Ontology
Ontology,Philosophy
Physical_attractiveness,Aesthetic
Aesthetic,Philosophy
For-profit,Entity
Entity,Existence
Existence,Ontology
Ontology,Philosophy
Musical_theatre,Theatre
Theatre,Fine_art
Fine_art,Aesthetics
Aesthetics,Philosophy
Composite_material,Physical_property
Physical_property,Property_(philosophy)
Property_(philosophy),Philosophy
Whistleblower,Ethics
Ethics,Philosophy
Rationality,Reason
Reason,Consciousness
Consciousness,Quality_(philosophy)
Quality_(philosophy),Philosophy
Carla Carli Mazzucato,Symbolism_(arts)
Symbolism_(arts),Art_movement
Art_movement,Modern_art
Modern_art,Philosophy
Explicit_knowledge,Knowledge
Knowledge,Awareness
Awareness,Conscious
Conscious,Quality_(philosophy)
Quality_(philosophy),Philosophy
Adolphustown,Area_(disambiguation)
Area_(disambiguation),Area
Area,Quantity
Quantity,Property_(philosophy)
Property_(philosophy),Philosophy
Center for Embedded Network Sensing,Knowledge
Knowledge,Awareness
Awareness,Conscious
Conscious,Quality_(philosophy)
Quality_(philosophy),Philosophy
Physical_property,Property_(philosophy)
Property_(philosophy),Philosophy
Lumière (restaurant),Business
Business,Entity
Entity,Existence
Existence,Ontology
Ontology,Philosophy
United States diplomatic cables leak,Scandal
Scandal,Whistleblower
Whistleblower,Ethics
Ethics,Philosophy
Area_(disambiguation),Area
Area,Quantity
Quantity,Property_(philosophy)
Property_(philosophy),Philosophy
List of historical national anthems,Patriotism
Patriotism,Emotion
Emotion,Consciousness
Consciousness,Quality_(philosophy)
Quality_(philosophy),Philosophy
Schaffhausen Communication Group,Business
Business,Entity
Entity,Existence
Existence,Ontology
Ontology,Philosophy
Art_movement,Modern_art
Modern_art,Philosophy
Ugala,Fine_art
Fine_art,Aesthetics
Aesthetics,Philosophy
Entertain,Interest_(emotion)
Interest_(emotion),Emotion
Emotion,Consciousness
Consciousness,Quality_(philosophy)
Quality_(philosophy),Philosophy
PalaTorino,Theater
Theater,Fine_art
Fine_art,Aesthetics
Aesthetics,Philosophy
Society_of_London_Theatre,West_End_theatre
West_End_theatre,Theatre
Theatre,Fine_art
Fine_art,Aesthetics
Aesthetics,Philosophy
William A. Dembski,Knowledge
Knowledge,Awareness
Awareness,Conscious
Conscious,Quality_(philosophy)
Quality_(philosophy),Philosophy
Ontology,Philosophy
Higgins Glass,Works_of_art
Works_of_art,Aesthetics
Aesthetics,Philosophy
Management,Businesses
Businesses,Entity
Entity,Existence
Existence,Ontology
Ontology,Philosophy
Brooke Shaden,Fine_art
Fine_art,Aesthetics
Aesthetics,Philosophy
Cynwyd Forest Quarry,Conservation_designation
Conservation_designation,Conservation_ethic
Conservation_ethic,Ethic
Ethic,Philosophy
Business,Entity
Entity,Existence
Existence,Ontology
Ontology,Philosophy
1966 NASCAR Grand National Series,Business
Business,Entity
Entity,Existence
Existence,Ontology
Ontology,Philosophy
Tony Taccone,Theatre
Theatre,Fine_art
Fine_art,Aesthetics
Aesthetics,Philosophy
Advertising_agency,Business
Business,Entity
Entity,Existence
Existence,Ontology
Ontology,Philosophy
Empirical evidence,Awareness
Awareness,Conscious
Conscious,Quality_(philosophy)
Quality_(philosophy),Philosophy
Alex Polizzi: The Fixer,Entity
Entity,Existence
Existence,Ontology
Ontology,Philosophy
701 Oriola,Astronomical_object
Astronomical_object,Entity
Entity,Existence
Existence,Ontology
Ontology,Philosophy
Lesser Ury,Art_movement
Art_movement,Modern_art
Modern_art,Philosophy
All About Us (musical),Theatre
Theatre,Fine_art
Fine_art,Aesthetics
Aesthetics,Philosophy
Discipline_(academia),Knowledge
Knowledge,Awareness
Awareness,Conscious
Conscious,Quality_(philosophy)
Quality_(philosophy),Philosophy
Polity,Entity
Entity,Existence
Existence,Ontology
Ontology,Philosophy
Miss USA 2004,Beauty_pageant
Beauty_pageant,Physical_attractiveness
Physical_attractiveness,Aesthetic
Aesthetic,Philosophy
Hino da Carta,Patriotism
Patriotism,Emotion
Emotion,Consciousness
Consciousness,Quality_(philosophy)
Quality_(philosophy),Philosophy
West_End_theatre,Theatre
Theatre,Fine_art
Fine_art,Aesthetics
Aesthetics,Philosophy
Rotatinal flow,Electric_charge
Electric_charge,Physical_property
Physical_property,Property_(philosophy)
Property_(philosophy),Philosophy
Theatre,Fine_art
Fine_art,Aesthetics
Aesthetics,Philosophy
Chutzpah a Go-Go,Theatre
Theatre,Fine_art
Fine_art,Aesthetics
Aesthetics,Philosophy
List_of_states_with_limited_recognition,Polity
Polity,Entity
Entity,Existence
Existence,Ontology
Ontology,Philosophy
Volume,Quantity
Quantity,Property_(philosophy)
Property_(philosophy),Philosophy
Indoor_arena,Theater
Theater,Fine_art
Fine_art,Aesthetics
Aesthetics,Philosophy
Daryl Katz,Business
Business,Entity
Entity,Existence
Existence,Ontology
Ontology,Philosophy
Keaney Gymnasium,Theater
Theater,Fine_art
Fine_art,Aesthetics
Aesthetics,Philosophy
Contemporary_philosophy,Western_philosophy
Western_philosophy,Philosophy
Privatisation,Business
Business,Entity
Entity,Existence
Existence,Ontology
Ontology,Philosophy
Reason,Consciousness
Consciousness,Quality_(philosophy)
Quality_(philosophy),Philosophy
Property_(philosophy),Philosophy
Beauty,Idea
Idea,Philosophy
Electric_charge,Physical_property
Physical_property,Property_(philosophy)
Property_(philosophy),Philosophy
Celestial_object,Entity
Entity,Existence
Existence,Ontology
Ontology,Philosophy
Cornriggs Meadows,Conservation_designation
Conservation_designation,Conservation_ethic
Conservation_ethic,Ethic
Ethic,Philosophy
Wellbeing,Philosophy
Conscious,Quality_(philosophy)
Quality_(philosophy),Philosophy
Astronomical_object,Entity
Entity,Existence
Existence,Ontology
Ontology,Philosophy
State_(polity),Polity
Polity,Entity
Entity,Existence
Existence,Ontology
Ontology,Philosophy
Works_of_art,Aesthetics
Aesthetics,Philosophy
Fiber_reinforced_plastic,Composite_material
Composite_material,Physical_property
Physical_property,Property_(philosophy)
Property_(philosophy),Philosophy
HD 87883,Celestial_object
Celestial_object,Entity
Entity,Existence
Existence,Ontology
Ontology,Philosophy
Breakdown voltage,Electric_charge
Electric_charge,Physical_property
Physical_property,Property_(philosophy)
Property_(philosophy),Philosophy
Fine_art,Aesthetics
Aesthetics,Philosophy
Rutan VariEze,Fiber_reinforced_plastic
Fiber_reinforced_plastic,Composite_material
Composite_material,Physical_property
Physical_property,Property_(philosophy)
Property_(philosophy),Philosophy
Mr. Bubbles,Business
Business,Entity
Entity,Existence
Existence,Ontology
Ontology,Philosophy
Explosion protection,Volume
Volume,Quantity
Quantity,Property_(philosophy)
Property_(philosophy),Philosophy
Knowledge,Awareness
Awareness,Conscious
Conscious,Quality_(philosophy)
Quality_(philosophy),Philosophy
Voluntary_association,Volunteer
Volunteer,Altruistic
Altruistic,Quality_of_life
Quality_of_life,Well-being
Well-being,Philosophy
1561 in science,Knowledge
Knowledge,Awareness
Awareness,Conscious
Conscious,Quality_(philosophy)
Quality_(philosophy),Philosophy
602 Marianna,Astronomical_object
Astronomical_object,Entity
Entity,Existence
Existence,Ontology
Ontology,Philosophy
Businesses,Entity
Entity,Existence
Existence,Ontology
Ontology,Philosophy
Bert Adams (politician),Business
Business,Entity
Entity,Existence
Existence,Ontology
Ontology,Philosophy
Indie design,Adornment
Adornment,Beauty
Beauty,Idea
Idea,Philosophy
Beauty_pageant,Physical_attractiveness
Physical_attractiveness,Aesthetic
Aesthetic,Philosophy
Brock Pemberton,Theatre
Theatre,Fine_art
Fine_art,Aesthetics
Aesthetics,Philosophy
Market liquidity,Entity
Entity,Existence
Existence,Ontology
Ontology,Philosophy
Ethics,Philosophy
Leisure sickness,Dissatisfaction
Dissatisfaction,Emotional_state
Emotional_state,Consciousness
Consciousness,Quality_(philosophy)
Quality_(philosophy),Philosophy
Entity,Existence
Existence,Ontology
Ontology,Philosophy
The Day of the Dolphin,Improvisational_theatre
Improvisational_theatre,Theater
Theater,Fine_art
Fine_art,Aesthetics
Aesthetics,Philosophy
Inferred,Formal_proof
Formal_proof,Proposition_(philosophy)
Proposition_(philosophy),Contemporary_philosophy
Contemporary_philosophy,Western_philosophy
Western_philosophy,Philosophy
Inference,Formal_proof
Formal_proof,Proposition_(philosophy)
Proposition_(philosophy),Contemporary_philosophy
Contemporary_philosophy,Western_philosophy
Western_philosophy,Philosophy
Volunteer,Altruistic
Altruistic,Quality_of_life
Quality_of_life,Well-being
Well-being,Philosophy
Entertainment,Interest_(emotion)
Interest_(emotion),Emotion
Emotion,Consciousness
Consciousness,Quality_(philosophy)
Quality_(philosophy),Philosophy
Jake Gaither Gymnasium,Theater
Theater,Fine_art
Fine_art,Aesthetics
Aesthetics,Philosophy
Dissatisfaction,Emotional_state
Emotional_state,Consciousness
Consciousness,Quality_(philosophy)
Quality_(philosophy),Philosophy
584 Semiramis,Astronomical_object
Astronomical_object,Entity
Entity,Existence
Existence,Ontology
Ontology,Philosophy
Wartime Wedding,Musical_theater
Musical_theater,Theatre
Theatre,Fine_art
Fine_art,Aesthetics
Aesthetics,Philosophy
Interest_(emotion),Emotion
Emotion,Consciousness
Consciousness,Quality_(philosophy)
Quality_(philosophy),Philosophy
Aesthetics,Philosophy
Edith Bülbring,Knowledge
Knowledge,Awareness
Awareness,Conscious
Conscious,Quality_(philosophy)
Quality_(philosophy),Philosophy
Cognition,Knowledge
Knowledge,Awareness
Awareness,Conscious
Conscious,Quality_(philosophy)
Quality_(philosophy),Philosophy
Hostility,Anger
Anger,Emotion
Emotion,Consciousness
Consciousness,Quality_(philosophy)
Quality_(philosophy),Philosophy
Revenue,Business
Business,Entity
Entity,Existence
Existence,Ontology
Ontology,Philosophy
615 Roswitha,Astronomical_object
Astronomical_object,Entity
Entity,Existence
Existence,Ontology
Ontology,Philosophy
Printmaker,Work_of_art
Work_of_art,Aesthetics
Aesthetics,Philosophy
Object_(philosophy),Philosophy
Theater,Fine_art
Fine_art,Aesthetics
Aesthetics,Philosophy
Volunteering,Altruistic
Altruistic,Quality_of_life
Quality_of_life,Well-being
Well-being,Philosophy
Anthropologist,Knowledge
Knowledge,Awareness
Awareness,Conscious
Conscious,Quality_(philosophy)
Quality_(philosophy),Philosophy
Quality_(philosophy),Philosophy
Dabuyid dynasty,Cosmogony
Cosmogony,Existence
Existence,Ontology
Ontology,Philosophy
Debt,Physical_property
Physical_property,Property_(philosophy)
Property_(philosophy),Philosophy
Anglicare,Volunteering
Volunteering,Altruistic
Altruistic,Quality_of_life
Quality_of_life,Well-being
Well-being,Philosophy
Berke Dam,Composite_material
Composite_material,Physical_property
Physical_property,Property_(philosophy)
Property_(philosophy),Philosophy
Mouvement Anti-Utilitariste dans les Sciences Sociales,Reductionism
Reductionism,Object_(philosophy)
Object_(philosophy),Philosophy
1886 in science,Knowledge
Knowledge,Awareness
Awareness,Conscious
Conscious,Quality_(philosophy)
Quality_(philosophy),Philosophy
Emotional_state,Consciousness
Consciousness,Quality_(philosophy)
Quality_(philosophy),Philosophy
Cour du Nord,Business
Business,Entity
Entity,Existence
Existence,Ontology
Ontology,Philosophy
Concrete recycling,Composite_material
Composite_material,Physical_property
Physical_property,Property_(philosophy)
Property_(philosophy),Philosophy
Military democracy,Philosopher
Philosopher,Reason
Reason,Consciousness
Consciousness,Quality_(philosophy)
Quality_(philosophy),Philosophy
Japan_Railways_Group,For-profit
For-profit,Entity
Entity,Existence
Existence,Ontology
Ontology,Philosophy
2005 IIHF World Championship Final,Indoor_arena
Indoor_arena,Theater
Theater,Fine_art
Fine_art,Aesthetics
Aesthetics,Philosophy
Portrait of Christina of Denmark,Printmaker
Printmaker,Work_of_art
Work_of_art,Aesthetics
Aesthetics,Philosophy
Affect measures,Consciousness
Consciousness,Quality_(philosophy)
Quality_(philosophy),Philosophy
Work_of_art,Aesthetics
Aesthetics,Philosophy
Scandal,Whistleblower
Whistleblower,Ethics
Ethics,Philosophy
Research,Knowledge
Knowledge,Awareness
Awareness,Conscious
Conscious,Quality_(philosophy)
Quality_(philosophy),Philosophy
Social_welfare,Wellbeing
Wellbeing,Philosophy
Quantity,Property_(philosophy)
Property_(philosophy),Philosophy
Improvisational_theatre,Theater
Theater,Fine_art
Fine_art,Aesthetics
Aesthetics,Philosophy
Service_club,Volunteer
Volunteer,Altruistic
Altruistic,Quality_of_life
Quality_of_life,Well-being
Well-being,Philosophy
Raoul du Toit,Environmentalism
Environmentalism,Philosophy_of_life
Philosophy_of_life,Philosophy
Liberty Bell,Idea
Idea,Philosophy
Conservation_designation,Conservation_ethic
Conservation_ethic,Ethic
Ethic,Philosophy
Environmentalism,Philosophy_of_life
Philosophy_of_life,Philosophy
High_explosive,Explosion
Explosion,Volume
Volume,Quantity
Quantity,Property_(philosophy)
Property_(philosophy),Philosophy
Quality_of_life,Well-being
Well-being,Philosophy
Symbolism_(arts),Art_movement
Art_movement,Modern_art
Modern_art,Philosophy
Western_philosophy,Philosophy
Aesthetic,Philosophy
Cosmogony,Existence
Existence,Ontology
Ontology,Philosophy
Jobseeker's Allowance,Social_welfare
Social_welfare,Wellbeing
Wellbeing,Philosophy
Business student,Business
Business,Entity
Entity,Existence
Existence,Ontology
Ontology,Philosophy
Philosophy_of_life,Philosophy
Adornment,Beauty
Beauty,Idea
Idea,Philosophy
Musical_theater,Theatre
Theatre,Fine_art
Fine_art,Aesthetics
Aesthetics,Philosophy
Catering,Business
Business,Entity
Entity,Existence
Existence,Ontology
Ontology,Philosophy
Altruistic,Quality_of_life
Quality_of_life,Well-being
Well-being,Philosophy
West_Side_Story,Musical_theatre
Musical_theatre,Theatre
Theatre,Fine_art
Fine_art,Aesthetics
Aesthetics,Philosophy
Brand,Business
Business,Entity
Entity,Existence
Existence,Ontology
Ontology,Philosophy
Field_of_study,Knowledge
Knowledge,Awareness
Awareness,Conscious
Conscious,Quality_(philosophy)
Quality_(philosophy),Philosophy
Scientist,Knowledge
Knowledge,Awareness
Awareness,Conscious
Conscious,Quality_(philosophy)
Quality_(philosophy),Philosophy
Well-being,Philosophy
Patriotism,Emotion
Emotion,Consciousness
Consciousness,Quality_(philosophy)
Quality_(philosophy),Philosophy
Philosopher,Reason
Reason,Consciousness
Consciousness,Quality_(philosophy)
Quality_(philosophy),Philosophy
Learning,Knowledge
Knowledge,Awareness
Awareness,Conscious
Conscious,Quality_(philosophy)
Quality_(philosophy),Philosophy
Academic_discipline,Knowledge
Knowledge,Awareness
Awareness,Conscious
Conscious,Quality_(philosophy)
Quality_(philosophy),Philosophy
Light and Space,Modern_art
Modern_art,Philosophy
Deep diving,Consciousness
Consciousness,Quality_(philosophy)
Quality_(philosophy),Philosophy
Conservation_ethic,Ethic
Ethic,Philosophy
Gijs Bosch Reitz,Art_movement
Art_movement,Modern_art
Modern_art,Philosophy
Businessperson,Business
Business,Entity
Entity,Existence
Existence,Ontology
Ontology,Philosophy
Explosive,Explosion
Explosion,Volume
Volume,Quantity
Quantity,Property_(philosophy)
Property_(philosophy),Philosophy
Stafford Arima,Theatre
Theatre,Fine_art
Fine_art,Aesthetics
Aesthetics,Philosophy
Explosion,Volume
Volume,Quantity
Quantity,Property_(philosophy)
Property_(philosophy),Philosophy
Business_administration,Business
Business,Entity
Entity,Existence
Existence,Ontology
Ontology,Philosophy
Gibson's paradox,Debtor
Debtor,Entity
Entity,Existence
Existence,Ontology
Ontology,Philosophy
Awareness,Conscious
Conscious,Quality_(philosophy)
Quality_(philosophy),Philosophy
Debt of developing countries,Debt
Debt,Physical_property
Physical_property,Property_(philosophy)
Property_(philosophy),Philosophy
Area,Quantity
Quantity,Property_(philosophy)
Property_(philosophy),Philosophy
Proposition_(philosophy),Contemporary_philosophy
Contemporary_philosophy,Western_philosophy
Western_philosophy,Philosophy
Debtor,Entity
Entity,Existence
Existence,Ontology
Ontology,Philosophy
New_product_development,Business
Business,Entity
Entity,Existence
Existence,Ontology
Ontology,Philosophy
Formal_proof,Proposition_(philosophy)
Proposition_(philosophy),Contemporary_philosophy
Contemporary_philosophy,Western_philosophy
Western_philosophy,Philosophy
Idea,Philosophy
